age,workclass,fnlwgt,education-num,marital-status,occupation,relationship,race,sex,capital-gain,capital-loss,hours-per-week,native-country,outcome
16.999999722815808,5.355567222893427,332666.0054742149,5.999999984606845,3.9999999979493785,1.4415343585483242e-08,3.0000001368389064,4.0000000069030595,0.0,56219.71819806042,6.386905937461052e-07,4.000001072341348,38.99999992638926,1.0
16.999999722815808,7.567980286893317e-08,332666.0054742149,5.999999984606845,3.9999999979493785,1.4415343585483242e-08,3.0000001368389064,1.3086989273132472,0.0,99488.54859187297,6.386905937461052e-07,4.000001072341348,38.99999992638926,1.0
27.64910428430539,7.567980286893317e-08,332666.0054742149,5.999999984606845,3.9999999979493785,1.4415343585483242e-08,3.0000001368389064,4.0000000069030595,0.0,67036.92579651356,6.386905937461052e-07,4.000001072341348,38.99999992638926,1.0
16.999999722815808,7.567980286893317e-08,332666.0054742149,5.999999984606845,3.9999999979493785,1.4415343585483242e-08,3.0000001368389064,4.0000000069030595,0.0,23768.095402701016,6.386905937461052e-07,4.000001072341348,38.99999992638926,1.0
16.999999722815808,7.567980286893317e-08,332666.0054742149,5.999999984606845,2.426590847549418,1.4415343585483242e-08,3.0000001368389064,4.0000000069030595,0.0,99488.54859187297,6.386905937461052e-07,4.000001072341348,38.99999992638926,1.0
