age,workclass,fnlwgt,education-num,marital-status,occupation,relationship,race,sex,capital-gain,capital-loss,hours-per-week,native-country,outcome
16.999999722815808,2.000000107249199,709353.5070523627,7.999999999767625,3.9999999979493785,0.9999999774305479,3.0000001368389064,4.0000000069030595,0.0,67036.92579651356,6.386905937461052e-07,12.000000314432477,38.99999992638926,1.0
16.999999722815808,2.000000107249199,188598.37952883836,7.999999999767625,3.9999999979493785,0.9999999774305479,3.0000001368389064,4.0000000069030595,0.0,56219.71819806042,6.386905937461052e-07,12.000000314432477,38.99999992638926,1.0
