age,workclass,fnlwgt,education-num,marital-status,occupation,relationship,race,sex,capital-gain,capital-loss,hours-per-week,native-country,outcome
66.39244943301392,4.000000000336487,166527.0006543801,9.999999975669143,3.9999999979493785,0.9999999774305479,3.0000001368389064,3.0000000276244307,0.0,45402.51059960729,6.386905937461052e-07,19.99999955652361,38.99999992638926,1.0
79.30689781591676,4.000000000336487,166527.0006543801,9.999999975669143,3.9999999979493785,0.9999999774305479,4.424033850308856,3.0000000276244307,0.0,9.878298851617728e-05,6.386905937461052e-07,19.99999955652361,38.99999992638926,1.0
20.00000046697769,4.000000000336487,166527.0006543801,2.6689881570799407,3.9999999979493785,0.9999999774305479,3.0000001368389064,3.0000000276244307,0.0,56219.71819806042,6.386905937461052e-07,19.99999955652361,38.99999992638926,1.0
20.00000046697769,4.000000000336487,166527.0006543801,9.999999975669143,3.9999999979493785,0.9999999774305479,3.0000001368389064,3.0000000276244307,0.0,23768.095402701016,6.386905937461052e-07,78.57108457867056,38.99999992638926,1.0
20.00000046697769,4.000000000336487,166527.0006543801,9.999999975669143,1.0895648772050834,0.9999999774305479,3.0000001368389064,3.0000000276244307,0.0,56219.71819806042,6.386905937461052e-07,19.99999955652361,38.99999992638926,1.0
