age,workclass,fnlwgt,education-num,marital-status,occupation,relationship,race,sex,capital-gain,capital-loss,hours-per-week,native-country,outcome
17.999999457695694,5.355567222893427,252045.99863975373,9.000000007348016,3.9999999979493785,1.4415343585483242e-08,3.0000001368389064,4.0000000069030595,0.0,56219.71819806042,6.386905937461052e-07,30.00000005358328,38.99999992638926,1.0
17.999999457695694,7.567980286893317e-08,252045.99863975373,9.000000007348016,3.9999999979493785,1.4415343585483242e-08,3.0000001368389064,4.0000000069030595,0.0,88671.34099341983,6.386905937461052e-07,30.00000005358328,22.49195280380468,1.0
17.999999457695694,7.567980286893317e-08,252045.99863975373,9.000000007348016,3.9999999979493785,1.4415343585483242e-08,3.0000001368389064,4.0000000069030595,0.0,23768.095402701016,1086.669147289283,30.00000005358328,38.99999992638926,1.0
17.999999457695694,7.567980286893317e-08,252045.99863975373,9.000000007348016,3.9999999979493785,1.4415343585483242e-08,3.0000001368389064,3.7129163281884647,0.0,67036.92579651356,6.386905937461052e-07,30.00000005358328,38.99999992638926,1.0
17.999999457695694,3.978770647170322,252045.99863975373,9.000000007348016,3.9999999979493785,1.4415343585483242e-08,3.0000001368389064,4.0000000069030595,0.0,45402.51059960729,6.386905937461052e-07,30.00000005358328,38.99999992638926,1.0
17.999999457695694,7.567980286893317e-08,252045.99863975373,13.207566272759616,3.9999999979493785,1.4415343585483242e-08,3.0000001368389064,4.0000000069030595,0.0,56219.71819806042,6.386905937461052e-07,30.00000005358328,38.99999992638926,1.0
17.999999457695694,7.567980286893317e-08,252045.99863975373,9.000000007348016,3.9999999979493785,1.4415343585483242e-08,3.0000001368389064,4.0000000069030595,0.0,67036.92579651356,6.386905937461052e-07,30.00000005358328,0.7072987438740057,1.0
