age,workclass,fnlwgt,education-num,marital-status,occupation,relationship,race,sex,capital-gain,capital-loss,hours-per-week,native-country,outcome
17.999999457695694,4.000000000336487,240543.00213247637,2.6689881570799407,3.9999999979493785,7.9999999649809075,3.0000001368389064,4.0000000069030595,0.0,34585.303001154156,6.386905937461052e-07,19.99999955652361,38.99999992638926,1.0
17.999999457695694,4.000000000336487,240543.00213247637,6.9999999921872345,3.9999999979493785,7.9999999649809075,3.0000001368389064,4.0000000069030595,0.0,23768.095402701016,6.386905937461052e-07,5.8697494316191765,38.99999992638926,1.0
17.999999457695694,1.2251774957241115,240543.00213247637,6.9999999921872345,3.9999999979493785,7.9999999649809075,3.0000001368389064,4.0000000069030595,0.0,67036.92579651356,6.386905937461052e-07,19.99999955652361,38.99999992638926,1.0
53.478001050111075,4.000000000336487,240543.00213247637,6.9999999921872345,3.9999999979493785,7.9999999649809075,3.0000001368389064,4.0000000069030595,0.0,45402.51059960729,6.386905937461052e-07,19.99999955652361,38.99999992638926,1.0
