age,workclass,fnlwgt,education-num,marital-status,occupation,relationship,race,sex,capital-gain,capital-loss,hours-per-week,native-country,outcome
20.00000046697769,3.978770647170322,187157.99998688212,9.999999975669143,3.9999999979493785,0.9999999774305479,3.0000001368389064,4.0000000069030595,0.0,23768.095402701016,6.386905937461052e-07,14.9999985857709,38.99999992638926,1.0
20.00000046697769,4.000000000336487,187157.99998688212,9.999999975669143,3.9999999979493785,0.9999999774305479,1.180882751150826,4.0000000069030595,0.0,12950.887804247881,6.386905937461052e-07,14.9999985857709,38.99999992638926,1.0
