age,workclass,fnlwgt,education-num,marital-status,occupation,relationship,race,sex,capital-gain,capital-loss,hours-per-week,native-country,outcome
16.999999722815808,4.000000000336487,67602.99093755185,5.000000291100557,3.9999999979493785,7.9999999649809075,3.0000001368389064,1.3086989273132472,0.0,34585.303001154156,6.386905937461052e-07,10.000000503909696,38.99999992638926,1.0
16.999999722815808,4.000000000336487,67602.99093755185,5.000000291100557,3.9999999979493785,2.7420426079349127,3.0000001368389064,4.0000000069030595,0.0,23768.095402701016,6.386905937461052e-07,10.000000503909696,38.99999992638926,1.0
16.999999722815808,4.000000000336487,67602.99093755185,5.000000291100557,3.9999999979493785,7.9999999649809075,3.0000001368389064,4.0000000069030595,0.0,56219.71819806042,3975.0432829020547,10.000000503909696,38.99999992638926,1.0
16.999999722815808,4.000000000336487,67602.99093755185,5.000000291100557,3.9999999979493785,7.9999999649809075,4.424033850308856,4.0000000069030595,0.0,12950.887804247881,6.386905937461052e-07,10.000000503909696,38.99999992638926,1.0
