age,workclass,fnlwgt,education-num,marital-status,occupation,relationship,race,sex,capital-gain,capital-loss,hours-per-week,native-country,outcome
21.999999936737463,7.000000022045747,157332.00107457332,10.572921743839697,3.9999999979493785,7.9999999649809075,3.0000001368389064,4.0000000069030595,0.0,88671.34099341983,6.386905937461052e-07,14.9999985857709,38.99999992638926,1.0
21.999999936737463,7.000000022045747,157332.00107457332,9.999999975669143,3.9999999979493785,7.9999999649809075,3.0000001368389064,4.0000000069030595,0.0,99488.54859187297,6.386905937461052e-07,14.9999985857709,38.99999992638926,1.0
