age,workclass,fnlwgt,education-num,marital-status,occupation,relationship,race,sex,capital-gain,capital-loss,hours-per-week,native-country,outcome
20.00000046697769,1.2251774957241115,170800.0011099446,9.999999975669143,3.9999999979493785,0.9999999774305479,3.0000001368389064,4.0000000069030595,0.0,67036.92579651356,6.386905937461052e-07,14.9999985857709,38.99999992638926,1.0
20.00000046697769,4.000000000336487,170800.0011099446,7.938277214919777,3.9999999979493785,0.9999999774305479,3.0000001368389064,4.0000000069030595,0.0,88671.34099341983,6.386905937461052e-07,14.9999985857709,38.99999992638926,1.0
20.00000046697769,4.000000000336487,170800.0011099446,9.999999975669143,3.9999999979493785,0.9999999774305479,3.0000001368389064,4.0000000069030595,0.0,23768.095402701016,6.386905937461052e-07,54.3373061963201,38.99999992638926,1.0
20.00000046697769,4.000000000336487,170800.0011099446,9.999999975669143,3.9999999979493785,0.9999999774305479,3.0000001368389064,1.3086989273132472,0.0,56219.71819806042,6.386905937461052e-07,14.9999985857709,38.99999992638926,1.0
