age,workclass,fnlwgt,education-num,marital-status,occupation,relationship,race,sex,capital-gain,capital-loss,hours-per-week,native-country,outcome
17.999999457695694,4.000000000336487,324046.0096792802,5.999999984606845,3.9999999979493785,7.9999999649809075,3.0000001368389064,4.0000000069030595,0.0,34585.303001154156,6.386905937461052e-07,12.000000314432477,38.99999992638926,1.0
17.999999457695694,4.000000000336487,84447.3540241335,5.999999984606845,3.9999999979493785,7.9999999649809075,3.0000001368389064,4.0000000069030595,0.0,23768.095402701016,6.386905937461052e-07,12.000000314432477,38.99999992638926,1.0
17.999999457695694,4.000000000336487,324046.0096792802,10.572921743839697,3.9999999979493785,7.9999999649809075,3.0000001368389064,4.0000000069030595,0.0,12950.887804247881,6.386905937461052e-07,12.000000314432477,38.99999992638926,1.0
