age,workclass,fnlwgt,education-num,marital-status,occupation,relationship,race,sex,capital-gain,capital-loss,hours-per-week,native-country,outcome
17.999999457695694,4.000000000336487,178309.99992916067,9.999999975669143,3.9999999979493785,0.9999999774305479,3.0000001368389064,2.1101047276049867,0.0,77854.13339496669,6.386905937461052e-07,19.99999955652361,38.99999992638926,1.0
17.999999457695694,4.000000000336487,178309.99992916067,9.999999975669143,3.9999999979493785,0.9999999774305479,1.180882751150826,4.0000000069030595,0.0,99488.54859187297,6.386905937461052e-07,19.99999955652361,38.99999992638926,1.0
17.999999457695694,4.000000000336487,178309.99992916067,9.999999975669143,3.9999999979493785,0.9999999774305479,3.0000001368389064,4.0000000069030595,0.0,45402.51059960729,6.386905937461052e-07,19.99999955652361,38.99999992638926,1.0
