age,workclass,fnlwgt,education-num,marital-status,occupation,relationship,race,sex,capital-gain,capital-loss,hours-per-week,native-country,outcome
17.999999457695694,7.000000022045747,272917.9939801178,9.000000007348016,2.426590847549418,0.9999999774305479,3.0000001368389064,2.000000048345802,1.0,88671.34099341983,6.386905937461052e-07,14.9999985857709,38.99999992638926,1.0
17.999999457695694,7.000000022045747,272917.9939801178,9.000000007348016,3.9999999979493785,0.9999999774305479,3.0000001368389064,0.5072931270215082,1.0,67036.92579651356,6.386905937461052e-07,14.9999985857709,38.99999992638926,1.0
