age,workclass,fnlwgt,education-num,marital-status,occupation,relationship,race,sex,capital-gain,capital-loss,hours-per-week,native-country,outcome
17.999999457695694,4.000000000336487,478380.01215236925,6.9999999921872345,3.9999999979493785,6.876685621445979,3.0000001368389064,4.0000000069030595,0.0,45402.51059960729,6.386905937461052e-07,25.00000052727632,38.99999992638926,1.0
17.999999457695694,4.000000000336487,478380.01215236925,6.9999999921872345,3.9999999979493785,12.000000063485654,3.0000001368389064,4.0000000069030595,1.0,34585.303001154156,6.386905937461052e-07,25.00000052727632,38.99999992638926,1.0
17.999999457695694,4.000000000336487,478380.01215236925,6.9999999921872345,3.763616817893752,12.000000063485654,3.0000001368389064,4.0000000069030595,0.0,67036.92579651356,6.386905937461052e-07,25.00000052727632,38.99999992638926,1.0
17.999999457695694,4.000000000336487,478380.01215236925,6.9999999921872345,3.9999999979493785,12.000000063485654,3.0000001368389064,4.0000000069030595,0.0,23768.095402701016,6.386905937461052e-07,54.3373061963201,38.99999992638926,1.0
17.999999457695694,4.000000000336487,478380.01215236925,6.9999999921872345,5.100642788238087,12.000000063485654,3.0000001368389064,4.0000000069030595,0.0,77854.13339496669,6.386905937461052e-07,25.00000052727632,38.99999992638926,1.0
17.999999457695694,4.000000000336487,478380.01215236925,6.9999999921872345,3.9999999979493785,12.000000063485654,3.0000001368389064,4.0000000069030595,0.0,99488.54859187297,6.386905937461052e-07,78.57108457867056,38.99999992638926,1.0
17.999999457695694,4.000000000336487,478380.01215236925,6.9999999921872345,3.9999999979493785,12.000000063485654,3.0000001368389064,4.0000000069030595,0.0,88671.34099341983,6.386905937461052e-07,90.6879737698458,38.99999992638926,1.0
17.999999457695694,4.000000000336487,478380.01215236925,6.9999999921872345,3.9999999979493785,12.000000063485654,2.802458300729841,4.0000000069030595,0.0,99488.54859187297,6.386905937461052e-07,25.00000052727632,38.99999992638926,1.0
