age,workclass,fnlwgt,education-num,marital-status,occupation,relationship,race,sex,capital-gain,capital-loss,hours-per-week,native-country,outcome
23.99999940649724,4.000000000336487,187551.00003291314,9.999999975669143,3.9999999979493785,0.9999999774305479,3.0000001368389064,2.000000048345802,0.0,88671.34099341983,6.386905937461052e-07,19.99999955652361,0.7072987438740057,1.0
23.99999940649724,4.000000000336487,187551.00003291314,9.999999975669143,3.9999999979493785,0.9999999774305479,4.424033850308856,2.000000048345802,0.0,77854.13339496669,6.386905937461052e-07,19.99999955652361,38.99999992638926,1.0
23.99999940649724,4.000000000336487,187551.00003291314,9.999999975669143,3.9999999979493785,11.011328634957046,3.0000001368389064,2.000000048345802,0.0,88671.34099341983,6.386905937461052e-07,19.99999955652361,38.99999992638926,1.0
23.99999940649724,4.000000000336487,187551.00003291314,9.999999975669143,3.9999999979493785,0.9999999774305479,3.0000001368389064,1.3086989273132472,0.0,23768.095402701016,6.386905937461052e-07,19.99999955652361,38.99999992638926,1.0
23.99999940649724,4.000000000336487,917655.5580617724,9.999999975669143,3.9999999979493785,0.9999999774305479,3.0000001368389064,2.000000048345802,0.0,67036.92579651356,6.386905937461052e-07,19.99999955652361,38.99999992638926,1.0
23.99999940649724,4.000000000336487,917655.5580617724,9.999999975669143,3.9999999979493785,0.9999999774305479,3.0000001368389064,2.000000048345802,0.0,88671.34099341983,6.386905937461052e-07,19.99999955652361,38.99999992638926,1.0
23.99999940649724,4.000000000336487,187551.00003291314,15.842210801679535,3.9999999979493785,0.9999999774305479,3.0000001368389064,2.000000048345802,0.0,9.878298851617728e-05,6.386905937461052e-07,66.45419538749533,38.99999992638926,1.0
23.99999940649724,4.000000000336487,187551.00003291314,9.999999975669143,3.9999999979493785,0.9999999774305479,3.0000001368389064,2.000000048345802,0.0,77854.13339496669,3012.2519043644643,19.99999955652361,38.99999992638926,1.0
