age,workclass,fnlwgt,education-num,marital-status,occupation,relationship,race,sex,capital-gain,capital-loss,hours-per-week,native-country,outcome
17.999999457695694,7.567980286893317e-08,78180.99087038026,13.207566272759616,3.9999999979493785,1.4415343585483242e-08,3.0000001368389064,4.0000000069030595,0.0,67036.92579651356,6.386905937461052e-07,19.99999955652361,38.99999992638926,1.0
17.999999457695694,7.567980286893317e-08,78180.99087038026,9.000000007348016,3.9999999979493785,1.4415343585483242e-08,3.0000001368389064,4.0000000069030595,0.0,23768.095402701016,6.386905937461052e-07,19.99999955652361,38.99999992638926,1.0
17.999999457695694,7.567980286893317e-08,78180.99087038026,10.572921743839697,3.9999999979493785,1.4415343585483242e-08,3.0000001368389064,4.0000000069030595,0.0,45402.51059960729,6.386905937461052e-07,19.99999955652361,38.99999992638926,1.0
17.999999457695694,7.567980286893317e-08,78180.99087038026,9.000000007348016,3.9999999979493785,2.7420426079349127,3.0000001368389064,4.0000000069030595,0.0,23768.095402701016,6.386905937461052e-07,19.99999955652361,38.99999992638926,1.0
17.999999457695694,7.567980286893317e-08,78180.99087038026,9.000000007348016,3.9999999979493785,1.4415343585483242e-08,3.0000001368389064,4.0000000069030595,1.0,12950.887804247881,6.386905937461052e-07,19.99999955652361,38.99999992638926,1.0
