age,workclass,fnlwgt,education-num,marital-status,occupation,relationship,race,sex,capital-gain,capital-loss,hours-per-week,native-country,outcome
16.999999722815808,4.000000000336487,41865.00090637419,9.000000007348016,3.9999999979493785,0.9999999774305479,3.0000001368389064,4.0000000069030595,0.0,99488.54859187297,6.386905937461052e-07,5.8697494316191765,38.99999992638926,1.0
16.999999722815808,4.000000000336487,1334259.660080592,9.000000007348016,3.9999999979493785,0.9999999774305479,3.0000001368389064,4.0000000069030595,0.0,67036.92579651356,6.386905937461052e-07,4.999999533156988,38.99999992638926,1.0
16.999999722815808,4.000000000336487,41865.00090637419,9.000000007348016,3.9999999979493785,0.9999999774305479,3.0000001368389064,0.5072931270215082,0.0,34585.303001154156,6.386905937461052e-07,4.999999533156988,38.99999992638926,1.0
40.563552667208235,4.000000000336487,41865.00090637419,9.000000007348016,2.426590847549418,0.9999999774305479,3.0000001368389064,4.0000000069030595,0.0,9.878298851617728e-05,6.386905937461052e-07,4.999999533156988,38.99999992638926,1.0
16.999999722815808,4.000000000336487,41865.00090637419,9.000000007348016,3.9999999979493785,0.9999999774305479,3.0000001368389064,4.0000000069030595,0.0,77854.13339496669,6.386905937461052e-07,4.999999533156988,7.96885009718423,1.0
