age,workclass,fnlwgt,education-num,marital-status,occupation,relationship,race,sex,capital-gain,capital-loss,hours-per-week,native-country,outcome
16.999999722815808,3.978770647170322,401198.0002501892,6.9999999921872345,3.9999999979493785,12.000000063485654,3.0000001368389064,4.0000000069030595,0.0,99488.54859187297,6.386905937461052e-07,14.9999985857709,38.99999992638926,1.0
66.39244943301392,4.000000000336487,401198.0002501892,6.9999999921872345,3.9999999979493785,12.000000063485654,3.0000001368389064,4.0000000069030595,0.0,56219.71819806042,6.386905937461052e-07,14.9999985857709,38.99999992638926,1.0
16.999999722815808,4.000000000336487,401198.0002501892,6.9999999921872345,3.9999999979493785,12.000000063485654,3.0000001368389064,4.0000000069030595,1.0,34585.303001154156,6.386905937461052e-07,14.9999985857709,38.99999992638926,1.0
16.999999722815808,4.000000000336487,401198.0002501892,6.9999999921872345,3.9999999979493785,12.000000063485654,3.0000001368389064,4.0000000069030595,0.0,12950.887804247881,6.386905937461052e-07,54.3373061963201,38.99999992638926,1.0
16.999999722815808,4.000000000336487,401198.0002501892,10.572921743839697,3.9999999979493785,12.000000063485654,3.0000001368389064,4.0000000069030595,0.0,88671.34099341983,6.386905937461052e-07,14.9999985857709,38.99999992638926,1.0
16.999999722815808,4.000000000336487,401198.0002501892,6.9999999921872345,3.9999999979493785,12.000000063485654,3.0000001368389064,4.0000000069030595,0.0,67036.92579651356,6.386905937461052e-07,90.6879737698458,38.99999992638926,1.0
66.39244943301392,4.000000000336487,401198.0002501892,6.9999999921872345,3.9999999979493785,12.000000063485654,3.0000001368389064,4.0000000069030595,0.0,9.878298851617728e-05,6.386905937461052e-07,90.6879737698458,38.99999992638926,1.0
