age,workclass,fnlwgt,education-num,marital-status,occupation,relationship,race,sex,capital-gain,capital-loss,hours-per-week,native-country,outcome
17.999999457695694,7.567980286893317e-08,137363.0015646499,9.999999975669143,3.9999999979493785,1.4415343585483242e-08,3.0000001368389064,4.0000000069030595,0.0,23768.095402701016,6.386905937461052e-07,4.000001072341348,38.99999992638926,1.0
