age,workclass,fnlwgt,education-num,marital-status,occupation,relationship,race,sex,capital-gain,capital-loss,hours-per-week,native-country,outcome
16.999999722815808,4.000000000336487,198605.9997750433,6.9999999921872345,3.9999999979493785,5.999999977339517,2.802458300729841,4.0000000069030595,0.0,34585.303001154156,6.386905937461052e-07,15.999999935478044,38.99999992638926,1.0
16.999999722815808,4.000000000336487,198605.9997750433,6.9999999921872345,3.9999999979493785,5.999999977339517,3.0000001368389064,4.0000000069030595,0.0,23768.095402701016,6.386905937461052e-07,15.999999935478044,38.99999992638926,1.0
