age,workclass,fnlwgt,education-num,marital-status,occupation,relationship,race,sex,capital-gain,capital-loss,hours-per-week,native-country,outcome
18.999999192575583,4.000000000336487,284651.9951955403,9.999999975669143,3.9999999979493785,11.011328634957046,3.0000001368389064,4.0000000069030595,0.0,23768.095402701016,6.386905937461052e-07,14.9999985857709,38.99999992638926,1.0
18.999999192575583,4.000000000336487,284651.9951955403,9.999999975669143,3.9999999979493785,0.9999999774305479,3.0000001368389064,4.0000000069030595,0.0,45402.51059960729,6.386905937461052e-07,90.6879737698458,38.99999992638926,1.0
53.478001050111075,4.000000000336487,284651.9951955403,9.999999975669143,3.9999999979493785,0.9999999774305479,4.424033850308856,4.0000000069030595,0.0,9.878298851617728e-05,6.386905937461052e-07,14.9999985857709,38.99999992638926,1.0
18.999999192575583,4.000000000336487,284651.9951955403,9.999999975669143,3.9999999979493785,2.7420426079349127,3.0000001368389064,4.0000000069030595,0.0,77854.13339496669,6.386905937461052e-07,14.9999985857709,38.99999992638926,1.0
18.999999192575583,4.000000000336487,284651.9951955403,9.999999975669143,3.9999999979493785,0.9999999774305479,3.0000001368389064,2.1101047276049867,0.0,12950.887804247881,6.386905937461052e-07,14.9999985857709,38.99999992638926,1.0
