age,workclass,fnlwgt,education-num,marital-status,occupation,relationship,race,sex,capital-gain,capital-loss,hours-per-week,native-country,outcome
17.999999457695694,4.000000000336487,84447.3540241335,6.9999999921872345,3.9999999979493785,4.000000112920089,3.0000001368389064,4.0000000069030595,0.0,45402.51059960729,6.386905937461052e-07,19.99999955652361,38.99999992638926,1.0
17.999999457695694,4.000000000336487,270501.99692744995,6.9999999921872345,3.9999999979493785,4.000000112920089,3.0000001368389064,4.0000000069030595,0.0,88671.34099341983,6.386905937461052e-07,19.99999955652361,38.99999992638926,1.0
17.999999457695694,6.732363798616532,270501.99692744995,6.9999999921872345,3.9999999979493785,4.000000112920089,3.0000001368389064,4.0000000069030595,0.0,12950.887804247881,6.386905937461052e-07,19.99999955652361,38.99999992638926,1.0
66.39244943301392,4.000000000336487,270501.99692744995,6.9999999921872345,3.9999999979493785,4.000000112920089,3.0000001368389064,4.0000000069030595,0.0,99488.54859187297,6.386905937461052e-07,19.99999955652361,38.99999992638926,1.0
