age,workclass,fnlwgt,education-num,marital-status,occupation,relationship,race,sex,capital-gain,capital-loss,hours-per-week,native-country,outcome
20.00000046697769,5.999999842134107,186013.99980673418,9.999999975669143,3.9999999979493785,0.9999999774305479,3.0000001368389064,4.0000000069030595,0.0,88671.34099341983,6.386905937461052e-07,90.6879737698458,11.000000838447537,1.0
20.00000046697769,5.999999842134107,917655.5580617724,9.999999975669143,3.9999999979493785,0.9999999774305479,3.0000001368389064,4.0000000069030595,0.0,88671.34099341983,6.386905937461052e-07,12.000000314432477,11.000000838447537,1.0
20.00000046697769,5.999999842134107,186013.99980673418,9.999999975669143,3.9999999979493785,0.9999999774305479,3.0000001368389064,4.0000000069030595,0.0,23768.095402701016,6.386905937461052e-07,42.22041700514487,11.000000838447537,1.0
20.00000046697769,5.999999842134107,605202.4815476577,9.999999975669143,3.9999999979493785,0.9999999774305479,3.0000001368389064,4.0000000069030595,0.0,12950.887804247881,6.386905937461052e-07,12.000000314432477,11.000000838447537,1.0
20.00000046697769,5.999999842134107,186013.99980673418,9.999999975669143,3.9999999979493785,0.9999999774305479,3.0000001368389064,4.0000000069030595,0.0,88671.34099341983,6.386905937461052e-07,12.000000314432477,15.230401450494455,1.0
