Pregnancies,Glucose,Blood Pressure,Skin Thickness,Insulin,BMI,DiabetesPedigreeFunction,Age
2.0,162.578,55.1,33.6,116.68800000000002,24.2,0.332,22.0
2.0,162.578,55.1,33.6,116.68800000000002,24.2,0.332,22.0
2.0,113.39900000000003,55.1,33.6,96.915,24.2,0.332,22.0
