Pregnancies,Glucose,Blood Pressure,Skin Thickness,Insulin,BMI,DiabetesPedigreeFunction,Age
2.0,90.0,21.153999999999996,2.4000000000000004,0.55,29.2,0.37,2.5760000000000005
2.0,90.0,21.153999999999996,2.4000000000000004,0.55,29.2,0.37,2.5760000000000005
2.0,90.0,30.22,2.4000000000000004,0.55,29.2,0.37,1.6760000000000006
2.4,90.0,38.4,24.0,0.05500000000000001,29.7,0.37,2.7720000000000007
2.0,9.0,64.0,24.0,5.5,29.7,0.074,15.888000000000002
