Pregnancies,Glucose,Blood Pressure,Skin Thickness,Insulin,BMI,DiabetesPedigreeFunction,Age
0.7,143.688,37.199999999999996,0.0,0.0,22.5,0.416,10.4
0.7,143.688,37.9,0.0,0.0,21.8,0.416,10.4
2.3,187.1844,62.0,0.0,0.0,23.900000000000002,0.416,26.0
0.7,143.688,62.0,0.0,0.0,22.5,0.416,10.4
1.0,191.58927999999997,62.0,0.0,0.0,23.700000000000003,0.716,26.0
1.0,188.48440000000002,37.199999999999996,0.0,0.0,23.980000000000004,0.416,26.0
1.0,186.6844,62.0,0.0,0.0,22.400000000000002,0.416,26.0
