Pregnancies,Glucose,Blood Pressure,Skin Thickness,Insulin,BMI,DiabetesPedigreeFunction,Age
5.0,30.8,24.599999999999998,41.0,46.10000000000001,46.54,0.156,35.0
5.0,30.8,24.599999999999998,41.0,46.10000000000001,46.54,0.156,35.0
5.0,30.8,24.599999999999998,41.0,13.96,46.54,0.156,35.0
5.0,30.8,24.36,41.0,42.2,35.8,0.156,35.0
5.0,30.8,32.800000000000004,41.0,42.0,35.8,0.156,35.0
