Pregnancies,Glucose,Blood Pressure,Skin Thickness,Insulin,BMI,DiabetesPedigreeFunction,Age
0.57,144.3,62.0,5.2,53.5,10.64,1.1518,23.0
0.57,144.3,62.0,5.2,53.5,10.64,1.1518,23.0
0.9,144.3,49.6,13.0,38.22,9.440000000000001,0.15180000000000002,23.0
0.57,144.3,62.0,5.68,53.5,9.440000000000001,1.1518,23.0
0.57,144.3,62.0,5.2,52.8,10.64,0.15180000000000002,23.0
0.57,144.3,55.800000000000004,5.2,53.5,10.64,0.15180000000000002,23.0
1.0,144.3,62.0,13.0,182.4,24.0,0.138,29.900000000000002
1.0,144.3,62.0,13.0,145.6,24.0,0.138,23.0
1.0,111.0,43.4,13.0,109.2,24.0,0.138,23.0
