Pregnancies,Glucose,Blood Pressure,Skin Thickness,Insulin,BMI,DiabetesPedigreeFunction,Age
3.2,94.0,36.66,21.599999999999998,66.0,12.200000000000001,1.849,21.5
3.2,94.0,36.66,21.599999999999998,66.0,12.200000000000001,1.849,21.5
3.2,94.0,36.66,21.599999999999998,66.0,12.200000000000001,1.849,21.5
3.0999999999999996,94.0,36.66,21.599999999999998,66.0,12.200000000000001,1.7489999999999999,21.5
