Pregnancies,Glucose,Blood Pressure,Skin Thickness,Insulin,BMI,DiabetesPedigreeFunction,Age
1.2000000000000002,169.0,72.0,12.0,68.6,12.65,0.658,38.09
1.1,13.0,72.0,12.0,69.3,12.65,0.658,29.3
1.2000000000000002,169.0,72.0,11.3,69.3,12.65,0.658,30.5
1.2000000000000002,152.1,72.0,12.0,68.6,12.65,0.658,29.3
2.5,128.7,72.0,12.0,67.89999999999999,12.65,0.658,38.09
