Pregnancies,Glucose,Blood Pressure,Skin Thickness,Insulin,BMI,DiabetesPedigreeFunction,Age
0.0,135.20000000000002,32.0,4.99,7.68,52.416000000000004,1.4100000000000001,8.76
0.0,135.20000000000002,32.0,4.99,7.68,52.416000000000004,1.4100000000000001,8.76
0.0,162.24,64.0,36.9,7.68,40.32,0.51,21.9
0.6,175.76000000000002,32.0,36.9,7.68,40.32,1.51,21.9
0.0,135.20000000000002,32.0,4.89,7.68,14.740000000000002,1.4100000000000001,9.76
0.0,135.20000000000002,22.4,36.9,7.779999999999999,40.32,1.6920000000000002,24.09
0.39,135.20000000000002,32.0,14.76,7.68,40.32,0.51,21.9
