Pregnancies,Glucose,Blood Pressure,Skin Thickness,Insulin,BMI,DiabetesPedigreeFunction,Age
3.9000000000000004,167.31000000000003,79.0,11.0,64.1,17.6,0.284,30.1
3.9000000000000004,167.31000000000003,79.0,11.0,64.1,17.6,0.284,30.1
