Pregnancies,Glucose,Blood Pressure,Skin Thickness,Insulin,BMI,DiabetesPedigreeFunction,Age
4.0,29.000000000000004,20.220000000000002,31.600000000000005,45.6,42.768,0.1172,23.0
4.0,29.000000000000004,20.220000000000002,31.600000000000005,45.6,42.768,0.1172,23.0
5.1,30.0,21.5,28.400000000000002,45.6,29.7,0.1172,23.0
