Pregnancies,Glucose,Blood Pressure,Skin Thickness,Insulin,BMI,DiabetesPedigreeFunction,Age
2.0,90.87000000000003,22.400000000000002,28.0,91.26,19.602,0.332,2.092
2.0,81.0,22.400000000000002,28.0,91.26,19.602,0.332,2.092
