Pregnancies,Glucose,Blood Pressure,Skin Thickness,Insulin,BMI,DiabetesPedigreeFunction,Age
2.0,82.5,44.449999999999996,23.2,0.45999999999999996,29.7,2.17,33.0
2.0,82.5,44.449999999999996,23.2,0.45999999999999996,29.7,2.17,33.0
2.0,82.5,44.449999999999996,23.2,0.45999999999999996,29.7,2.17,33.0
