Pregnancies,Glucose,Blood Pressure,Skin Thickness,Insulin,BMI,DiabetesPedigreeFunction,Age
0.4,126.17279999999998,21.265999999999995,0.0,0.0,26.16,1.216,1.17
0.4,126.17279999999998,21.265999999999995,0.0,0.0,26.16,1.216,1.17
1.0,87.61999999999999,21.265999999999995,0.0,0.0,25.46,1.516,1.17
1.0,111.61999999999999,43.4,0.0,0.7,26.16,0.416,0.351
1.0,72.1,43.4,0.0,-0.6,6.54,0.416,7.8
2.3,86.52,30.379999999999995,0.0,0.0,26.16,0.416,2.808
1.0,86.02,30.379999999999995,0.8,0.0,26.16,0.416,1.2399999999999998
1.0,86.52,30.379999999999995,0.0,0.0,20.6,1.1159999999999999,1.17
1.0,72.1,30.379999999999995,0.0,0.0,26.16,1.1159999999999999,7.8
