Pregnancies,Glucose,Blood Pressure,Skin Thickness,Insulin,BMI,DiabetesPedigreeFunction,Age
5.0,25.41,24.599999999999998,45.1,42.0,35.8,0.156,35.0
5.0,23.099999999999998,24.599999999999998,45.1,42.0,35.8,0.156,35.0
5.0,23.099999999999998,24.599999999999998,39.9,49.3,35.8,0.156,35.0
