Pregnancies,Glucose,Blood Pressure,Skin Thickness,Insulin,BMI,DiabetesPedigreeFunction,Age
1.0,187.59000000000003,61.7,12.2,0.5460000000000002,23.6,0.9656,9.200000000000001
1.0,187.59000000000003,61.7,12.2,0.5460000000000002,23.6,0.9656,9.200000000000001
1.0,187.59000000000003,61.7,12.2,0.5460000000000002,23.6,0.80624,23.0
1.0,145.10000000000002,61.4,13.0,5.460000000000001,23.8,0.2656,9.200000000000001
1.0,144.3,55.800000000000004,13.0,163.8,24.0,0.138,23.0
1.0,111.0,43.24000000000001,13.0,114.66,24.0,0.138,23.0
1.0,111.0,43.4,13.0,126.49999999999999,24.0,0.138,23.0
