Pregnancies,Glucose,Blood Pressure,Skin Thickness,Insulin,BMI,DiabetesPedigreeFunction,Age
2.0,94.7,30.200000000000003,17.2,4.7,45.15,0.649,11.5
2.0,94.7,30.200000000000003,17.2,4.7,45.15,0.649,11.5
2.0,94.7,30.200000000000003,17.2,4.7,45.15,0.649,11.5
