Pregnancies,Glucose,Blood Pressure,Skin Thickness,Insulin,BMI,DiabetesPedigreeFunction,Age
1.0,169.0,72.0,12.0,71.0,10.120000000000001,0.6696000000000001,29.0
1.0,169.0,72.0,12.0,71.0,10.120000000000001,0.558,29.0
1.0,169.0,72.0,12.0,71.0,10.120000000000001,0.558,29.0
1.0,156.0,72.0,12.0,70.0,10.120000000000001,0.658,28.0
