Pregnancies,Glucose,Blood Pressure,Skin Thickness,Insulin,BMI,DiabetesPedigreeFunction,Age
1.1,90.0,21.760000000000005,0.6400000000000001,0.5,24.5,2.0380000000000003,0.6143999999999996
1.0,18.0,68.9,3.84,0.0,24.5,0.7965999999999999,7.2
1.0,108.0,54.720000000000006,0.8,0.0,24.5,0.33799999999999986,36.0
