Pregnancies,Glucose,Blood Pressure,Skin Thickness,Insulin,BMI,DiabetesPedigreeFunction,Age
2.0999999999999996,104.0,25.6,49.4,64.0,11.647200000000002,1.1099999999999999,6.6
0.5599999999999999,124.8,25.6,37.0,83.2,16.2,1.1099999999999999,22.0
