Pregnancies,Glucose,Blood Pressure,Skin Thickness,Insulin,BMI,DiabetesPedigreeFunction,Age
7.1000000000000005,128.82999999999998,60.1,19.0,111.97439999999997,11.549999999999999,0.497,33.2
7.2,99.1,60.1,19.9,102.6432,23.099999999999998,0.3479,32.0
7.199999999999999,99.0,42.0,19.0,79.75999999999999,34.97,1.697,3.2
7.2,99.0,60.1,19.0,77.75999999999999,24.4,0.497,32.0
7.2,99.1,60.1,22.8,93.31199999999998,30.029999999999998,1.697,31.9
